algorithm,accuracy,F1,rocauc,precision,recall
MKL_random,0.7868852459016393,0.7547169811320756,0.7813852813852814,0.8,0.7142857142857143,
